{
  "commitCount": 600,
  "budgetMB": 50,
  "samples": [
    {
      "beforeMB": 1.1004180908203125,
      "afterMB": 2.229400634765625,
      "deltaMB": 1.1289825439453125
    },
    {
      "beforeMB": 1.3091316223144531,
      "afterMB": 1.8831558227539062,
      "deltaMB": 0.5740242004394531
    },
    {
      "beforeMB": 1.3091468811035156,
      "afterMB": 1.8831710815429688,
      "deltaMB": 0.5740242004394531
    }
  ],
  "pass": true
}
