{
  "commitCount": 600,
  "budgetMB": 50,
  "samples": [
    {
      "beforeMB": 1.1244125366210938,
      "afterMB": 2.4005165100097656,
      "deltaMB": 1.2761039733886719
    },
    {
      "beforeMB": 1.46087646484375,
      "afterMB": 2.0355606079101562,
      "deltaMB": 0.5746841430664062
    },
    {
      "beforeMB": 1.4608535766601562,
      "afterMB": 2.0355377197265625,
      "deltaMB": 0.5746841430664062
    }
  ],
  "pass": true
}
